Type,Name,Request Count,Failure Count,Median Response Time,Average Response Time,Min Response Time,Max Response Time,Average Content Size,Requests/s,Failures/s,50%,66%,75%,80%,90%,95%,98%,99%,99.9%,99.99%,100%
GET,GET /api/config,131,0,880,1759.7689511350407,155.6391001213342,11744.600900216028,2979.0,2.9449752950210106,0.0,880,1100,1400,1700,2200,12000,12000,12000,12000,12000,12000
GET,GET /api/health,280,0,560,979.9475996405818,2.4562999606132507,11677.648100070655,168.0,6.2946036840143735,0.0,570,810,940,1200,1800,2000,12000,12000,12000,12000,12000
GET,GET /api/jobs,160,0,1400,2127.5872812519083,723.0030000209808,13014.019700000063,12.0,3.5969163908653563,0.0,1400,1600,1900,2100,2400,12000,12000,13000,13000,13000,13000
GET,GET /api/leads,679,0,1500,2257.64728895154,301.9354999996722,13063.485099934042,108.0,15.264413933734856,0.0,1500,1800,2100,2300,2600,12000,12000,12000,13000,13000,13000
GET,GET /api/scrape,128,0,1400,2421.465864039419,931.6114999819547,13065.655699931085,73.0,2.877533112692285,0.0,1500,1700,2200,2400,2700,12000,12000,13000,13000,13000,13000
GET,GET /api/workers,279,0,1200,1977.0835125460005,352.78730001300573,13706.860000034794,112.0,6.272122956571465,0.0,1200,1300,1600,1900,2500,12000,13000,13000,14000,14000,14000
,Aggregated,1657,0,1300,1955.2356459226519,2.4562999606132507,13706.860000034794,333.8159324079662,37.250565372899345,0.0,1300,1500,1900,2100,2500,12000,12000,13000,13000,14000,14000
