Type,Name,Request Count,Failure Count,Median Response Time,Average Response Time,Min Response Time,Max Response Time,Average Content Size,Requests/s,Failures/s,50%,66%,75%,80%,90%,95%,98%,99%,99.9%,99.99%,100%
GET,GET /api/config,1298,1221,2100,3619.3104213425095,2022.8293999098241,28711.112800054252,176.72033898305085,28.9606119185514,27.242609516603437,2100,2300,2600,2900,4200,18000,24000,26000,28000,29000,29000
GET,GET /api/health,2625,2477,2100,3558.9999344748044,2020.241199992597,28318.761699832976,9.472,58.56826370277152,55.266129215910496,2100,2300,2600,2800,4300,17000,23000,25000,28000,28000,28000
GET,GET /api/jobs,1317,1235,2100,3774.2606558875536,2019.7638999670744,29345.466400031,0.7471526195899773,29.384534589161937,27.554973589684884,2100,2300,2600,2800,4300,22000,26000,27000,29000,29000,29000
GET,GET /api/leads,6382,6029,2100,3595.7474652472315,2014.404800022021,30560.978199820966,5.973675963647759,142.3933938861287,134.51735690057504,2100,2300,2600,2900,4300,18000,24000,26000,28000,31000,31000
GET,GET /api/scrape,1304,1235,2100,3562.2501521483077,2020.3458000905812,28198.362299939618,3.8627300613496933,29.09448223558631,27.554973589684884,2100,2300,2700,3000,4200,18000,24000,26000,27000,28000,28000
GET,GET /api/workers,2562,2410,2100,3639.552636650663,2015.5775002203882,30305.60880014673,6.644808743169399,57.162625373905,53.771244009020705,2100,2300,2600,2900,4300,18000,24000,26000,28000,30000,30000
,Aggregated,15488,14607,2100,3611.0995232057835,2014.404800022021,30560.978199820966,20.365185950413224,345.5639117061049,325.90728682147943,2100,2300,2600,2900,4300,18000,24000,26000,28000,30000,31000
