Type,Name,Request Count,Failure Count,Median Response Time,Average Response Time,Min Response Time,Max Response Time,Average Content Size,Requests/s,Failures/s,50%,66%,75%,80%,90%,95%,98%,99%,99.9%,99.99%,100%
GET,GET /api/config,461,382,2100,4148.862968115116,2025.41369991377,35857.24349995144,510.50108459869847,10.585853087209395,8.77179149525811,2100,2100,2300,2400,9700,15000,23000,33000,36000,36000,36000
GET,GET /api/health,903,756,2100,4017.5619920344916,2016.6152999736369,36972.551699960604,27.348837209302324,20.735412880152026,17.359880550824954,2100,2100,2200,2300,9500,17000,21000,25000,37000,37000,37000
GET,GET /api/jobs,454,382,2100,4251.449686338169,2014.327400131151,35876.64510007016,1.9030837004405285,10.425113452479534,8.77179149525811,2100,2100,2200,2300,9900,18000,25000,34000,36000,36000,36000
GET,GET /api/leads,2374,1999,2100,4071.2146881222216,2009.8823998123407,36918.36440004408,17.059814658803706,54.51369897838418,45.90264711785593,2100,2100,2200,2300,10000,18000,22000,27000,36000,37000,37000
GET,GET /api/scrape,448,381,2100,3957.9926252133323,2024.0787998773158,35311.985299922526,10.917410714285714,10.287336622711083,8.748828690296703,2100,2100,2200,2300,10000,17000,22000,25000,35000,35000,35000
GET,GET /api/workers,953,812,2100,3963.162096747679,2024.7478999663144,34583.275800105184,16.570828961175238,21.88355312822246,18.64579762866384,2100,2100,2200,2300,9800,18000,23000,26000,35000,35000,35000
,Aggregated,5593,4712,2100,4056.102325872342,2009.8823998123407,36972.551699960604,57.58698372966208,128.43096814915867,108.20073697815764,2100,2100,2200,2300,10000,17000,23000,26000,36000,37000,37000
