Type,Name,Request Count,Failure Count,Median Response Time,Average Response Time,Min Response Time,Max Response Time,Average Content Size,Requests/s,Failures/s,50%,66%,75%,80%,90%,95%,98%,99%,99.9%,99.99%,100%
GET,GET /api/config,1475,1419,4300,4596.710875186185,2035.6623001862317,30101.320000132546,113.10101694915254,32.862105722222275,31.614459674463326,4300,4600,4800,4900,5200,6000,28000,29000,30000,30000,30000
GET,GET /api/health,2927,2809,4300,4626.393004305528,2031.2410998158157,29822.047400055453,6.772804919713017,65.21178538911498,62.5828169313372,4300,4600,4800,4900,5100,6000,27000,28000,30000,30000,30000
GET,GET /api/jobs,1577,1525,4300,4471.479383699292,2030.6563000194728,30221.317199990153,0.39568801521876984,35.134603880640356,33.97607540772133,4300,4600,4700,4900,5100,5800,27000,29000,30000,30000,30000
GET,GET /api/leads,7306,6999,4300,4737.73644412921,2027.067800052464,30466.83709998615,4.53818779085683,162.77325044512267,155.93347657615843,4300,4700,4800,4900,5200,6000,28000,29000,30000,30000,30000
GET,GET /api/scrape,1537,1485,4300,4518.1807826900895,2024.7493998613209,30422.689499799162,2.4697462589459986,34.24342813224111,33.08489965932208,4300,4600,4800,4900,5100,5800,28000,29000,30000,30000,30000
GET,GET /api/workers,3046,2923,4300,4657.8199050228095,2026.5632001683116,30383.220700081438,4.522652659225213,67.86303324060275,65.12266781427506,4300,4700,4800,4900,5200,6000,28000,29000,30000,30000,30000
,Aggregated,17868,17160,4300,4651.8462954498455,2024.7493998613209,30466.83709998615,13.319901499888068,398.0882068099441,382.31439606327746,4300,4600,4800,4900,5200,6000,28000,29000,30000,30000,30000
