Type,Name,Request Count,Failure Count,Median Response Time,Average Response Time,Min Response Time,Max Response Time,Average Content Size,Requests/s,Failures/s,50%,66%,75%,80%,90%,95%,98%,99%,99.9%,99.99%,100%
GET,GET /api/config,1385,1363,4900,6111.802028742239,2037.1483999770135,44033.69099996053,47.31985559566787,29.19144924674611,28.72775835618408,4900,6900,9100,9500,11000,12000,13000,43000,43000,44000,44000
GET,GET /api/health,2657,2628,4600,5866.055685363196,2030.013999901712,44874.889499973506,1.8336469702672187,56.00121346469633,55.389984563500924,4600,6700,9000,9300,11000,12000,13000,42000,44000,45000,45000
GET,GET /api/jobs,1315,1306,4700,5742.601464415578,2027.791100088507,45348.72859995812,0.08212927756653993,27.716069140412372,27.52637741245518,4700,6700,9000,9300,10000,12000,13000,13000,44000,45000,45000
GET,GET /api/leads,6655,6606,4500,5684.985309887134,2018.5252001974732,46101.77889978513,0.79519158527423,140.26649439501472,139.2337283205811,4500,6600,9000,9300,11000,12000,13000,13000,44000,46000,46000
GET,GET /api/scrape,1272,1266,4500,5607.080330659633,2033.9747001416981,43579.50390013866,0.3443396226415094,26.80976421795022,26.683303065978755,4500,6700,8900,9200,10000,12000,13000,13000,43000,44000,44000
GET,GET /api/workers,2569,2543,4700,5866.824204124816,2013.958799885586,45915.25149997324,1.1335149863760219,54.146449902448204,53.59845157723853,4700,6700,9000,9300,11000,12000,13000,42000,44000,46000,46000
,Aggregated,15853,15712,4500,5780.617642706079,2013.958799885586,46101.77889978513,4.993376647953069,334.13144036726794,331.15960329593855,4500,6700,9000,9300,11000,12000,13000,13000,44000,46000,46000
