Type,Name,Request Count,Failure Count,Median Response Time,Average Response Time,Min Response Time,Max Response Time,Average Content Size,Requests/s,Failures/s,50%,66%,75%,80%,90%,95%,98%,99%,99.9%,99.99%,100%
GET,GET /api/config,201,40,8400,7963.209873126745,719.3752001039684,21769.733499968424,2386.1641791044776,4.532166871046148,0.9019237554320693,8400,10000,10000,11000,15000,19000,20000,21000,22000,22000,22000
GET,GET /api/health,353,62,7700,7480.0633348467845,90.34830005839467,21213.838000083342,138.4929178470255,7.959477141688011,1.3979818209197072,7700,9700,10000,10000,15000,18000,20000,20000,21000,21000,21000
GET,GET /api/jobs,179,49,8900,8050.215719557788,1029.0951000060886,21899.06630013138,8.71508379888268,4.03610880555851,1.1048566004042848,8900,10000,10000,11000,17000,19000,22000,22000,22000,22000,22000
GET,GET /api/leads,982,190,9100,8156.176468231544,833.9130999520421,21886.230499949306,87.10386965376782,22.1422281958573,4.284137838302329,9100,10000,10000,11000,16000,18000,21000,21000,22000,22000,22000
GET,GET /api/scrape,174,31,8900,7588.510857466822,1164.761100197211,21788.23669999838,59.99425287356322,3.923368336129501,0.6989909104598536,8900,10000,10000,11000,12000,18000,21000,21000,22000,22000,22000
GET,GET /api/workers,368,75,8700,7874.671329346829,817.0339001808316,21791.568899992853,89.17391304347827,8.297698549975037,1.6911070414351297,8700,10000,10000,11000,14000,19000,21000,21000,22000,22000,22000
,Aggregated,2257,447,8800,7935.180055694487,90.34830005839467,21899.06630013138,291.9175897208684,50.891047900254506,10.078997966953374,8800,10000,10000,11000,15000,18000,21000,21000,22000,22000,22000
