Type,Name,Request Count,Failure Count,Median Response Time,Average Response Time,Min Response Time,Max Response Time,Average Content Size,Requests/s,Failures/s,50%,66%,75%,80%,90%,95%,98%,99%,99.9%,99.99%,100%
GET,GET /api/config,180,0,890,1130.2592200033057,154.91010015830398,3350.8765001315624,2979.0,4.063599364903279,0.0,920,1100,1400,1500,2200,3300,3300,3300,3400,3400,3400
GET,GET /api/health,340,0,630,774.4391270707745,3.5793001297861338,3322.011100128293,168.0,7.67568768926175,0.0,630,770,950,1100,1700,2100,3300,3300,3300,3300,3300
GET,GET /api/jobs,187,0,1400,1655.1176138971757,534.4083001837134,3859.0263000223786,12.0,4.221628229093962,0.0,1400,1600,2000,2200,2600,3400,3500,3500,3900,3900,3900
GET,GET /api/leads,841,0,1400,1650.1479663486912,495.3679998870939,3705.4558000527322,108.0,18.986039254909212,0.0,1400,1600,1900,2100,2600,3000,3300,3500,3700,3700,3700
GET,GET /api/scrape,178,0,1500,1733.4393595601694,736.239500110969,4017.81679992564,73.0,4.018448260848799,0.0,1500,1700,2000,2100,2800,3300,3500,3600,4000,4000,4000
GET,GET /api/workers,350,0,1100,1369.0571042842098,311.061899876222,3913.8533000368625,112.0,7.901443209534154,0.0,1100,1300,1700,1800,2300,3300,3400,3400,3900,3900,3900
,Aggregated,2076,0,1300,1421.849512911302,3.5793001297861338,4017.81679992564,355.78323699421964,46.86684600855116,0.0,1300,1500,1700,1900,2500,3000,3400,3400,3900,4000,4000
