Type,Name,Request Count,Failure Count,Median Response Time,Average Response Time,Min Response Time,Max Response Time,Average Content Size,Requests/s,Failures/s,50%,66%,75%,80%,90%,95%,98%,99%,99.9%,99.99%,100%
GET,GET /api/config,356,235,2100,5853.4774873641145,2015.6845999881625,26895.33179998398,1012.5252808988764,7.948664470437288,5.247011658856075,2100,2400,8000,11000,16000,22000,25000,26000,27000,27000,27000
GET,GET /api/health,820,562,2100,5130.825263541476,2013.3299001026899,26842.956400010735,52.858536585365854,18.308721533029708,12.548172562881337,2100,2300,5700,8100,14000,20000,24000,25000,27000,27000,27000
GET,GET /api/jobs,388,254,2100,5863.830281198313,2018.2342000771314,26928.94300003536,4.144329896907217,8.663151164409179,5.671238133401885,2100,4300,8100,10000,16000,22000,25000,27000,27000,27000,27000
GET,GET /api/leads,1885,1254,2100,5794.984312419624,2008.4778999444097,28081.85499999672,36.15278514588859,42.087731816781705,27.99894732002348,2100,2300,8100,9900,16000,22000,25000,26000,28000,28000,28000
GET,GET /api/scrape,361,233,2100,5690.124702215494,2020.8799000829458,27953.075600089505,25.883656509695292,8.060303016370396,5.202356240482832,2100,4500,8100,10000,15000,19000,24000,25000,28000,28000,28000
GET,GET /api/workers,795,539,2100,5435.875810942255,2016.9079001061618,27155.199400149286,36.065408805031446,17.75052880336417,12.03463525158904,2100,2300,7400,9500,15000,18000,24000,25000,27000,27000,27000
,Aggregated,4605,3077,2100,5616.825747409431,2008.4778999444097,28081.85499999672,111.09120521172639,102.81910080439245,68.70236116723464,2100,2300,7500,9700,15000,21000,24000,26000,27000,28000,28000
