Type,Name,Request Count,Failure Count,Median Response Time,Average Response Time,Min Response Time,Max Response Time,Average Content Size,Requests/s,Failures/s,50%,66%,75%,80%,90%,95%,98%,99%,99.9%,99.99%,100%
GET,GET /api/config,158,13,9400,8354.346414560841,774.7736000455916,16530.02590010874,2733.8924050632913,3.5651896427948064,0.2933383883312182,9400,9600,9800,10000,12000,14000,16000,16000,17000,17000,17000
GET,GET /api/health,357,23,9000,8049.32677871365,78.8423998747021,17308.837099932134,157.1764705882353,8.055523433403454,0.5189833024321554,9000,9300,9400,9600,12000,13000,16000,17000,17000,17000,17000
GET,GET /api/jobs,165,14,9900,8766.761673930469,1065.8614998683333,17433.023900026456,10.981818181818182,3.7231410826654625,0.315902879741312,9900,10000,10000,10000,13000,13000,16000,17000,17000,17000,17000
GET,GET /api/leads,794,57,10000,9050.731563854139,929.9564999528229,18456.494100159034,100.24685138539043,17.916206179614406,1.2861760103753415,10000,10000,10000,11000,13000,15000,17000,17000,18000,18000,18000
GET,GET /api/scrape,166,13,10000,9320.571277102636,1238.6197000741959,18492.599799996242,67.28313253012048,3.745705574075556,0.2933383883312182,10000,10000,10000,11000,13000,14000,16000,18000,18000,18000,18000
GET,GET /api/workers,341,17,9700,9003.377739880834,651.6174001153558,18203.75629980117,106.41642228739003,7.694491570841955,0.3835963539715931,9700,10000,10000,11000,13000,15000,17000,18000,18000,18000,18000
,Aggregated,1981,137,9700,8805.532343613573,78.8423998747021,18492.599799996242,311.424533064109,44.700257483395646,3.0913353231828387,9700,10000,10000,10000,13000,14000,17000,17000,18000,18000,18000
