Type,Name,Request Count,Failure Count,Median Response Time,Average Response Time,Min Response Time,Max Response Time,Average Content Size,Requests/s,Failures/s,50%,66%,75%,80%,90%,95%,98%,99%,99.9%,99.99%,100%
GET,GET /api/config,207,16,9100,8618.55727102234,1045.5540001858026,19203.086100053042,2748.7391304347825,4.666607539096314,0.36070396437459434,9100,9600,9800,10000,16000,18000,18000,19000,19000,19000,19000
GET,GET /api/health,318,29,8800,7529.661586789309,84.22540011815727,18684.712399961427,152.67924528301887,7.168991291945063,0.6537759354289523,8800,9100,9400,9600,14000,17000,18000,18000,19000,19000,19000
GET,GET /api/jobs,168,16,9800,8836.305566673955,950.530500151217,19516.652300022542,10.857142857142858,3.7873916259332407,0.36070396437459434,9800,10000,10000,11000,15000,17000,19000,19000,20000,20000,20000
GET,GET /api/leads,888,81,9700,8729.874895835244,724.7107999864966,19798.26970002614,98.14864864864865,20.019070022789986,1.8260638196463839,9700,10000,10000,11000,15000,17000,19000,19000,20000,20000,20000
GET,GET /api/scrape,186,26,9600,8170.663706978323,1032.6297997962683,19329.94870003313,62.795698924731184,4.193183585854659,0.5861439421087158,9600,10000,10000,10000,15000,17000,19000,19000,19000,19000,19000
GET,GET /api/workers,306,36,9400,8187.972189876056,663.5241999756545,19315.99050015211,98.82352941176471,6.898463318664117,0.8115839198428373,9400,9800,10000,10000,14000,17000,18000,19000,19000,19000,19000
,Aggregated,2073,204,9400,8413.104159191305,84.22540011815727,19798.26970002614,361.04245055475155,46.73370738428338,4.598975545776078,9400,9900,10000,10000,14000,17000,18000,19000,20000,20000,20000
