Type,Name,Request Count,Failure Count,Median Response Time,Average Response Time,Min Response Time,Max Response Time,Average Content Size,Requests/s,Failures/s,50%,66%,75%,80%,90%,95%,98%,99%,99.9%,99.99%,100%
GET,GET /api/config,171,0,910,1186.808739773853,172.8407999034971,4225.518199848011,2979.0,3.8662899502873067,0.0,910,1100,1400,1800,2200,3400,3700,4200,4200,4200,4200
GET,GET /api/health,334,0,630,786.5453814302743,2.9984000138938427,3714.8118000477552,168.0,7.551700838572868,0.0,630,830,980,1200,1700,1900,3200,3500,3700,3700,3700
GET,GET /api/jobs,155,0,1400,1650.0388632228057,566.0733000840992,4533.03930000402,12.0,3.504531826283816,0.0,1400,1600,1900,2300,2600,3400,3700,4500,4500,4500,4500
GET,GET /api/leads,830,0,1400,1692.0567595242826,327.8422998264432,4717.658200068399,108.0,18.76620268268108,0.0,1400,1700,2000,2200,2700,3500,4000,4200,4700,4700,4700
GET,GET /api/scrape,186,0,1400,1753.5261198933367,958.0539998132735,4404.283999931067,73.0,4.20543819154058,0.0,1400,1800,2000,2300,2800,3500,3800,4100,4400,4400,4400
GET,GET /api/workers,347,0,1100,1365.5150080702244,294.783900026232,4315.952399978414,112.0,7.845629314325705,0.0,1100,1300,1500,1700,2300,2900,4000,4200,4300,4300,4300
,Aggregated,2023,0,1300,1446.2694771153033,2.9984000138938427,4717.658200068399,350.69846762234306,45.73979280369136,0.0,1300,1500,1700,1900,2500,3100,3900,4200,4500,4700,4700
