Type,Name,Request Count,Failure Count,Median Response Time,Average Response Time,Min Response Time,Max Response Time,Average Content Size,Requests/s,Failures/s,50%,66%,75%,80%,90%,95%,98%,99%,99.9%,99.99%,100%
GET,GET /api/config,408,281,2100,5128.73720391779,1868.678400060162,26018.767199944705,927.2867647058823,9.21143739046664,6.344151732159623,2100,2200,4800,8500,14000,21000,24000,25000,26000,26000,26000
GET,GET /api/health,801,560,2100,5088.696197878404,1608.6049999576062,26256.152800051495,50.546816479400746,18.084218994519066,12.643149359464017,2100,2200,4900,8600,14000,19000,23000,24000,26000,26000,26000
GET,GET /api/jobs,424,294,2100,5191.712297647445,2008.944399887696,26280.03410017118,3.6792452830188678,9.57267022930847,6.637653413718609,2100,2200,6600,9400,14000,19000,23000,24000,26000,26000,26000
GET,GET /api/leads,2123,1507,2100,4993.769754168941,2013.8741999398917,27048.597200075164,31.33678756476684,47.93108230382519,34.02361800841477,2100,2200,5300,8200,14000,19000,24000,25000,27000,27000,27000
GET,GET /api/scrape,426,298,2100,5077.958606580325,2020.2262999955565,25795.579300029203,21.934272300469484,9.617824334163698,6.727961623429066,2100,2200,5700,8700,14000,17000,24000,25000,26000,26000,26000
GET,GET /api/workers,835,573,2100,5277.589815928082,2020.0024999212474,26364.105199929327,35.14251497005988,18.851838777057953,12.936651041023003,2100,2200,6300,9200,14000,20000,24000,25000,26000,26000,26000
,Aggregated,5017,3513,2100,5091.016045187437,1608.6049999576062,27048.597200075164,104.76320510265099,113.26907202934102,79.3131851782091,2100,2200,5600,8600,14000,19000,24000,25000,26000,27000,27000
