Type,Name,Request Count,Failure Count,Median Response Time,Average Response Time,Min Response Time,Max Response Time,Average Content Size,Requests/s,Failures/s,50%,66%,75%,80%,90%,95%,98%,99%,99.9%,99.99%,100%
GET,GET /api/config,1921,1759,100,2759.466033368306,4.089999943971634,26208.16919999197,266.0182196772514,21.421219929695717,19.614745370293996,100,170,990,2900,13000,19000,20000,20000,26000,26000,26000
GET,GET /api/health,3778,3242,100,2460.0714384581865,3.3693998120725155,24493.91429987736,36.980677607199574,42.12877089765249,36.15179334308876,100,140,560,1800,12000,19000,20000,20000,24000,24000,24000
GET,GET /api/jobs,1936,1798,100,2784.193709347044,4.2999000288546085,25385.079399915412,20.66373966942149,21.588486092603283,20.04963739385367,100,180,1200,3200,14000,19000,20000,21000,25000,25000,25000
GET,GET /api/leads,9587,8929,100,2638.7629437795044,3.141300054267049,30402.435100171715,26.824867007405864,106.9053802529895,99.56797124011091,100,160,900,2800,12000,19000,20000,20000,26000,30000,30000
GET,GET /api/scrape,1870,1735,100,2874.7880908031825,4.810599843040109,26224.08109996468,25.13957219251337,20.852514975809992,19.34711950964189,100,180,1700,3600,14000,19000,20000,21000,26000,26000,26000
GET,GET /api/workers,3803,3553,100,2712.846071760937,3.544899867847562,30059.556300053373,27.64370234025769,42.407547835831764,39.61977845403898,100,170,910,2700,13000,19000,20000,21000,24000,30000,30000
,Aggregated,22895,21016,100,2663.2850337896557,3.141300054267049,30402.435100171715,48.04756497051758,255.30391998458273,234.3510453110282,100,160,900,2700,12000,19000,20000,21000,25000,30000,30000
