Type,Name,Request Count,Failure Count,Median Response Time,Average Response Time,Min Response Time,Max Response Time,Average Content Size,Requests/s,Failures/s,50%,66%,75%,80%,90%,95%,98%,99%,99.9%,99.99%,100%
GET,GET /api/config,464,0,3300,7020.403981687007,285.512899979949,30740.762599976733,2980.0,5.156507335252473,0.0,3300,4000,6100,13000,23000,28000,29000,30000,31000,31000,31000
GET,GET /api/health,901,0,2400,1998.8396370741584,4.576500039547682,6746.505500050262,168.0,10.012959286772583,0.0,2400,2800,3000,3100,3300,3600,3900,4500,6700,6700,6700
GET,GET /api/jobs,465,0,4200,8381.966687957705,1316.4369000587612,29947.88599992171,12.0,5.167620497612931,0.0,4200,6100,8100,17000,23000,27000,29000,29000,30000,30000,30000
GET,GET /api/leads,2287,0,4100,8083.949274335742,1226.6252001281828,29399.265100015327,108.0,25.415802318367255,0.0,4100,5500,8300,16000,22000,24000,27000,27000,29000,29000,29000
GET,GET /api/scrape,403,0,3900,7720.8502389497535,893.9825999550521,29423.131900141016,73.0,4.47860443126454,0.0,3900,4500,7000,16000,22000,24000,26000,27000,29000,29000,29000
GET,GET /api/workers,934,0,3900,8525.810939614308,777.3613000754267,31326.840800000355,112.0,10.379693644667693,0.0,3900,5100,7200,21000,25000,28000,30000,31000,31000,31000,31000
,Aggregated,5454,0,3700,7062.456641860883,4.576500039547682,31326.840800000355,352.1618995232857,60.61118751393747,0.0,3700,4300,6300,8500,22000,25000,28000,29000,31000,31000,31000
