Type,Name,Request Count,Failure Count,Median Response Time,Average Response Time,Min Response Time,Max Response Time,Average Content Size,Requests/s,Failures/s,50%,66%,75%,80%,90%,95%,98%,99%,99.9%,99.99%,100%
GET,GET /api/config,224,0,4100,4092.596278572663,1504.3309999164194,7946.757700061426,2979.0,3.7727001289290714,0.0,4100,4300,4600,4700,4900,5400,7100,7100,7900,7900,7900
GET,GET /api/health,464,0,3800,3837.275199141004,114.95999991893768,7929.83949999325,168.0,7.814878838495934,0.0,3800,4100,4300,4400,4600,5000,5200,7300,7900,7900,7900
GET,GET /api/jobs,236,0,4500,4611.669112711166,1127.7727000415325,8277.905199909583,12.0,3.9748090644074145,0.0,4500,5000,5100,5200,5500,5900,7500,8100,8300,8300,8300
GET,GET /api/leads,1167,0,4600,4628.1341701770325,1505.5865000467747,8657.20220003277,108.0,19.65509397526887,0.0,4600,4900,5100,5200,5500,5700,7300,8100,8500,8700,8700
GET,GET /api/scrape,229,0,4700,4737.386647599656,1188.2641999982297,8284.078400116414,73.0,3.856912185378381,0.0,4700,5100,5300,5400,5600,5800,8000,8100,8300,8300,8300
GET,GET /api/workers,455,0,4400,4491.680965494303,1683.0994999036193,8090.88520007208,112.0,7.663297136887176,0.0,4400,4700,4900,5000,5200,5600,7600,8000,8100,8100,8100
,Aggregated,2775,0,4400,4437.909955891302,114.95999991893768,8657.20220003277,339.3848648648649,46.73769132936685,0.0,4400,4700,4900,5100,5400,5700,7300,8100,8300,8700,8700
