Type,Name,Request Count,Failure Count,Median Response Time,Average Response Time,Min Response Time,Max Response Time,Average Content Size,Requests/s,Failures/s,50%,66%,75%,80%,90%,95%,98%,99%,99.9%,99.99%,100%
GET,GET /api/config,195,2,7500,7767.673419481621,830.5380998644978,18231.25890013762,2948.4461538461537,3.277125690624526,0.03361154554486693,7500,7700,8100,9300,12000,15000,17000,17000,18000,18000,18000
GET,GET /api/health,405,11,7200,7059.682939015904,662.8966999705881,17407.37000014633,163.43703703703704,6.8063379728355535,0.1848635004967681,7200,7500,7800,8100,9600,13000,16000,16000,17000,17000,17000
GET,GET /api/jobs,225,5,7900,7740.084673329774,1934.1333000920713,18807.953500188887,11.733333333333333,3.78129887379753,0.08402886386216733,7900,8200,8500,9000,10000,13000,17000,18000,19000,19000,19000
GET,GET /api/leads,1039,12,8000,8044.296554089196,1149.950500112027,19077.257599914446,106.75264677574592,17.461197910558372,0.2016692732692016,8000,8300,8700,9500,11000,15000,17000,18000,19000,19000,19000
GET,GET /api/scrape,229,4,8100,7618.920582526579,2007.0816001389176,18934.103599982336,71.72489082969432,3.8485219648872637,0.06722309108973386,8100,8400,8600,9000,10000,10000,14000,17000,19000,19000,19000
GET,GET /api/workers,419,5,7800,7811.6653446365935,1067.4278000369668,18806.1255000066,110.66348448687351,7.041618791649622,0.08402886386216733,7800,8100,8600,8900,11000,16000,18000,18000,19000,19000,19000
,Aggregated,2512,39,7800,7759.248276711628,662.8966999705881,19077.257599914446,325.4331210191083,42.21610120435287,0.6554251381249051,7800,8200,8500,9100,10000,14000,17000,18000,19000,19000,19000
