Type,Name,Request Count,Failure Count,Median Response Time,Average Response Time,Min Response Time,Max Response Time,Average Content Size,Requests/s,Failures/s,50%,66%,75%,80%,90%,95%,98%,99%,99.9%,99.99%,100%
GET,GET /api/config,213,0,5300,5269.785605638808,4092.731799930334,7505.810800008476,2979.0,3.5822418971776675,0.0,5300,5700,5800,5900,6100,6100,6900,7000,7500,7500,7500
GET,GET /api/health,469,0,4900,4947.030280387081,3752.8482999186963,7464.459500042722,168.0,7.887659388621249,0.0,4900,5200,5500,5600,5800,6000,6500,6800,7500,7500,7500
GET,GET /api/jobs,228,0,5800,5781.347284222169,4616.440600017086,8040.929399896413,12.0,3.83451245331694,0.0,5800,6100,6200,6300,6600,6700,7200,7900,8000,8000,8000
GET,GET /api/leads,1086,0,5900,5835.240210590003,4402.485100086778,8529.664099914953,108.0,18.26438826448332,0.0,5900,6200,6300,6400,6600,6700,7300,7600,8400,8500,8500
GET,GET /api/scrape,210,0,5900,5899.568085241619,4695.742999901995,7901.7097998876125,73.0,3.5317877859498132,0.0,5900,6200,6300,6400,6700,7200,7300,7600,7900,7900,7900
GET,GET /api/workers,432,0,5500,5525.246169907472,4357.31519991532,8278.849700000137,112.0,7.265392016811044,0.0,5500,5800,6000,6100,6300,6600,7500,7900,8300,8300,8300
,Aggregated,2638,0,5600,5581.3704428759565,3752.8482999186963,8529.664099914953,340.05193328279,44.36598180636003,0.0,5600,6000,6100,6300,6500,6700,7200,7500,8300,8500,8500
