Type,Name,Request Count,Failure Count,Median Response Time,Average Response Time,Min Response Time,Max Response Time,Average Content Size,Requests/s,Failures/s,50%,66%,75%,80%,90%,95%,98%,99%,99.9%,99.99%,100%
GET,GET /api/config,456,0,10000,12927.823155920792,106.32869997061789,35754.31269989349,2979.0,5.081470515717751,0.0,10000,15000,21000,24000,29000,32000,34000,35000,36000,36000,36000
GET,GET /api/health,941,0,9000,11106.210131030659,45.61090003699064,32679.40459982492,168.0,10.486104726514043,0.0,9000,13000,15000,20000,27000,29000,32000,32000,33000,33000,33000
GET,GET /api/jobs,430,0,11000,13351.46181162739,211.10710012726486,34720.762100070715,12.0,4.7917375477163,0.0,11000,16000,19000,22000,29000,32000,33000,34000,35000,35000,35000
GET,GET /api/leads,2306,0,11000,13311.335391887516,165.4588000383228,36154.13959999569,108.0,25.697085546590205,0.0,11000,16000,19000,24000,29000,32000,34000,34000,36000,36000,36000
GET,GET /api/scrape,470,0,12000,14673.038470001515,262.289599981159,35593.52650004439,73.0,5.23748057541084,0.0,12000,17000,22000,25000,30000,33000,34000,35000,36000,36000,36000
GET,GET /api/workers,895,0,11000,13709.623521898597,159.9540999159217,35784.269999945536,112.0,9.973500244665322,0.0,11000,16000,21000,25000,29000,32000,33000,35000,36000,36000,36000
,Aggregated,5498,0,11000,13086.493309947613,45.61090003699064,36154.13959999569,346.5387413604947,61.26737915661446,0.0,11000,15000,19000,24000,29000,31000,33000,34000,36000,36000,36000
