Type,Name,Request Count,Failure Count,Median Response Time,Average Response Time,Min Response Time,Max Response Time,Average Content Size,Requests/s,Failures/s,50%,66%,75%,80%,90%,95%,98%,99%,99.9%,99.99%,100%
GET,GET /api/config,176,0,9400,13228.915621022514,108.28609997406602,62367.11029987782,2979.0,2.0538018329155503,0.0,9400,13000,17000,19000,37000,43000,49000,62000,62000,62000,62000
GET,GET /api/health,385,0,7900,13814.104909869515,47.1286999527365,60655.89729999192,168.0,4.492691509502766,0.0,7900,12000,16000,21000,45000,49000,56000,60000,61000,61000,61000
GET,GET /api/jobs,166,0,10000,16299.62467349342,235.7101000379771,63019.41949990578,12.0,1.9371085469544396,0.0,10000,15000,22000,24000,44000,50000,62000,62000,63000,63000,63000
GET,GET /api/leads,844,0,10000,16660.491037325133,163.41110016219318,75118.72959998436,108.0,9.848913335117752,0.0,10000,16000,22000,25000,48000,52000,61000,63000,75000,75000,75000
GET,GET /api/scrape,166,0,9100,16141.263536747028,268.6495999805629,74297.16630000621,73.0,1.9371085469544396,0.0,9200,13000,19000,24000,47000,50000,63000,63000,74000,74000,74000
GET,GET /api/workers,315,0,9600,15441.320496501165,155.97479999996722,61681.5373999998,112.0,3.6758385077749907,0.0,9600,13000,18000,22000,45000,53000,61000,61000,62000,62000,62000
,Aggregated,2052,0,9700,15573.770650292352,47.1286999527365,75118.72959998436,355.5194931773879,23.94546227921994,0.0,9700,13000,18000,23000,46000,50000,61000,62000,63000,75000,75000
