Type,Name,Request Count,Failure Count,Median Response Time,Average Response Time,Min Response Time,Max Response Time,Average Content Size,Requests/s,Failures/s,50%,66%,75%,80%,90%,95%,98%,99%,99.9%,99.99%,100%
GET,GET /api/config,270,0,3500,10242.986838516124,101.23380017466843,40339.10159999505,2979.0,4.685946552823883,0.0,3700,9400,17000,20000,32000,37000,39000,40000,40000,40000,40000
GET,GET /api/health,569,0,2700,9925.138840249287,45.342399971559644,40029.99550011009,168.0,9.875198476136257,0.0,2700,13000,17000,19000,31000,36000,38000,40000,40000,40000,40000
GET,GET /api/jobs,284,0,4800,12240.753752112218,219.33950018137693,42781.886799959466,12.0,4.928921559266603,0.0,5000,17000,20000,31000,37000,40000,41000,41000,43000,43000,43000
GET,GET /api/leads,1484,896,6600,10141.420278972928,168.40469976887107,42326.20599982329,86.86792452830188,25.755350682928306,15.55040041233407,6600,11000,14000,18000,28000,32000,38000,41000,42000,42000,42000
GET,GET /api/scrape,304,188,5600,10050.939923031317,261.7812000680715,41065.6540999189,73.0,5.276028711327632,3.2628072293736667,5600,11000,16000,19000,27000,32000,36000,40000,41000,41000,41000
GET,GET /api/workers,514,0,4400,11532.105784044703,155.78870009630919,40835.871499963105,112.0,8.92065380796843,0.0,4400,16000,20000,30000,34000,38000,40000,40000,41000,41000,41000
,Aggregated,3425,1084,4900,10488.245347648877,45.342399971559644,42781.886799959466,324.67211678832115,59.44209979045111,18.813207641707738,4900,12000,17000,20000,31000,34000,39000,40000,42000,43000,43000
