Type,Name,Request Count,Failure Count,Median Response Time,Average Response Time,Min Response Time,Max Response Time,Average Content Size,Requests/s,Failures/s,50%,66%,75%,80%,90%,95%,98%,99%,99.9%,99.99%,100%
GET,GET /api/config,271,0,2500,3288.990098895416,103.9410000666976,8693.925899919122,2979.0,8.679999026507666,0.0,2500,5300,6400,6600,7400,7800,8100,8400,8700,8700,8700
GET,GET /api/health,570,0,1200,2625.7735943891466,45.36699992604554,8423.443099949509,168.0,18.256824520698782,0.0,1200,4300,5600,6000,6600,6900,7300,7800,8400,8400,8400
GET,GET /api/jobs,281,0,3600,4121.40777652248,254.74209990352392,9941.240699961782,12.0,9.000294193537469,0.0,3600,5800,7400,7700,8800,9100,9300,9400,9900,9900,9900
GET,GET /api/leads,1272,868,2900,3374.6253552695784,182.40340007469058,10124.450700124726,229.05896226415095,40.74154524619097,27.801620498186917,2900,4600,5100,5400,6900,8100,8600,8900,9900,10000,10000
GET,GET /api/scrape,221,141,3300,3476.562689146979,255.73399988934398,14476.695300079882,39.8235294117647,7.07852319135865,4.516161855120225,3300,4400,5100,5400,6900,8200,8600,8900,14000,14000,14000
GET,GET /api/workers,548,0,4100,4196.412539962734,171.72789992764592,9697.077700169757,112.0,17.552175153233215,0.0,4200,6400,7300,7600,8200,8600,9000,9200,9700,9700,9700
,Aggregated,3163,1009,2800,3448.182336044658,45.36699992604554,14476.695300079882,400.8792285804616,101.30936133152674,32.317782353307145,2800,4800,5600,6200,7500,8300,8800,9100,9900,14000,14000
