Type,Name,Request Count,Failure Count,Median Response Time,Average Response Time,Min Response Time,Max Response Time,Average Content Size,Requests/s,Failures/s,50%,66%,75%,80%,90%,95%,98%,99%,99.9%,99.99%,100%
GET,GET /api/config,521,0,4000,4626.916938767037,96.33849980309606,15920.108299935237,2979.0,6.7214106273683765,0.0,4000,6200,8300,8700,11000,12000,13000,14000,16000,16000,16000
GET,GET /api/health,1125,0,2000,3541.842682129807,44.57119992002845,12755.86809986271,168.0,14.513602602282962,0.0,2000,4600,6900,7800,9400,10000,11000,11000,13000,13000,13000
GET,GET /api/jobs,518,0,5200,5851.360601157716,214.4059999845922,26321.237299824134,12.0,6.682707687095622,0.0,5200,6900,9100,10000,12000,15000,17000,17000,26000,26000,26000
GET,GET /api/leads,2545,0,4700,5267.570041137892,143.61970010213554,24968.80939998664,108.0,32.83299433138679,0.0,4700,6400,8800,9500,12000,13000,15000,17000,24000,25000,25000
GET,GET /api/scrape,482,0,4800,5506.815414726966,238.3197001181543,23092.057900037616,73.0,6.218272403822567,0.0,4800,7000,9300,10000,12000,13000,15000,16000,23000,23000,23000
GET,GET /api/workers,1038,0,4300,5155.336371968412,152.73299999535084,24691.71899999492,112.0,13.39121733437308,0.0,4300,6300,8900,9400,12000,13000,15000,17000,24000,25000,25000
,Aggregated,6229,0,4300,4950.664869576306,44.57119992002845,26321.237299824134,348.94477444212555,80.36020498632939,0.0,4300,6300,8600,9200,11000,13000,15000,16000,24000,26000,26000
