Type,Name,Request Count,Failure Count,Median Response Time,Average Response Time,Min Response Time,Max Response Time,Average Content Size,Requests/s,Failures/s,50%,66%,75%,80%,90%,95%,98%,99%,99.9%,99.99%,100%
GET,GET /api/config,652,0,1400,4517.864851537804,110.61579990200698,25041.920199990273,2979.0,7.26691156125356,0.0,1500,3200,4500,8000,18000,22000,22000,24000,25000,25000,25000
GET,GET /api/health,1391,0,360,3318.806834213267,45.71340000256896,24197.004599962384,168.0,15.503487701999543,0.0,360,1800,3100,4200,11000,20000,22000,23000,24000,24000,24000
GET,GET /api/jobs,660,0,2200,5036.226517722985,231.75380006432533,28150.356200058013,12.0,7.356076120287346,0.0,2200,4100,5700,6900,18000,23000,25000,25000,28000,28000,28000
GET,GET /api/leads,3368,2149,1800,3912.769999430084,183.03840002045035,26222.16730006039,221.32779097387174,37.53827935322391,23.951829670450767,1800,3100,4400,5700,12000,15000,23000,23000,26000,26000,26000
GET,GET /api/scrape,676,447,1800,4013.3389291441695,259.85120004042983,25237.108800094575,38.61538461538461,7.5344052383549185,4.982069736012794,1800,3300,4700,6200,12000,15000,21000,23000,25000,25000,25000
GET,GET /api/workers,1407,0,1900,4873.091037453178,174.59929990582168,32842.43499999866,112.0,15.681816820067114,0.0,1900,3700,5200,7700,18000,22000,24000,25000,31000,33000,33000
,Aggregated,8154,2596,1600,4124.807855674412,45.71340000256896,32842.43499999866,381.7802305616875,90.8809767951864,28.93389940646356,1600,3100,4500,5900,13000,21000,23000,24000,27000,33000,33000
