Type,Name,Request Count,Failure Count,Median Response Time,Average Response Time,Min Response Time,Max Response Time,Average Content Size,Requests/s,Failures/s,50%,66%,75%,80%,90%,95%,98%,99%,99.9%,99.99%,100%
GET,GET /api/config,629,0,1800,7989.940492843836,113.97030018270016,50760.389500064775,2979.0,7.00008327768177,0.0,1800,5600,8100,11000,32000,44000,47000,49000,51000,51000,51000
GET,GET /api/health,1299,0,560,6847.112066052235,45.507000060752034,50417.53829992376,168.0,14.45645179285949,0.0,560,3600,6800,8600,31000,42000,45000,47000,50000,50000,50000
GET,GET /api/jobs,633,0,2300,8256.860170779693,249.42909996025264,51726.33990016766,12.0,7.044598910608204,0.0,2300,6100,8900,11000,31000,44000,48000,51000,52000,52000,52000
GET,GET /api/leads,3298,2176,2100,6931.699341325557,189.00520005263388,51501.05380010791,224.5952092177077,36.70313934784495,24.216504311980177,2100,4400,6700,9400,26000,31000,45000,47000,51000,52000,52000
GET,GET /api/scrape,670,454,1800,6390.0758171655625,263.19659990258515,51359.188799979165,37.76417910447761,7.4563685151777195,5.052524337150276,1800,4300,6100,8500,23000,30000,44000,48000,51000,51000,51000
GET,GET /api/workers,1310,0,2100,8336.43586763611,170.55519996210933,55904.791000066325,112.0,14.578869783407184,0.0,2100,6000,9000,12000,31000,44000,47000,48000,51000,56000,56000
,Aggregated,7839,2630,1800,7298.0596815537665,45.507000060752034,55904.791000066325,384.27809669600714,87.23951162757932,29.26902864913045,1800,4800,7500,10000,28000,39000,46000,48000,51000,56000,56000
